"url"	"title"	"company_name"	"company_score"	"description"	"time_posted"	"metadata"	"date_scraped"	"city"	"page"
"https://www.indeed.com/viewjob?jk=c8ba17defabbea54"	"Data Scientist"	"ABSc"	"24 reviews"	"$106,000 - $135,000 a year (Indeed Est.) Data Scientist needed to support staff with applying established or new programmatic and quantitative methods to find patterns and relationships in large datasets in support of auditing and oversight of the organization’s data-handling obligations under numerous authorities. Conduct mathematical, statistical, geospatial modeling, or other data-driven problem-solving analyses to address business operations or compliance questions; collaborate with compliance, legal, IT staff, and analysts to determine the data needed to address compliance problems; incorporate insights and findings into a broad range of well-crafted, sophisticated reports and products. Transform/translate and stage data in support of auditing and reporting; use and report on data-handling and use in order to ensure compliance with data handling requirements and identify instances of non-compliance including but not limited to translation/transformation and staging of audit log data for review by less technical members of Sponsor’s team and analytic managers.
Operate, maintain and modify existing SharePoint site used for CTG workflow tracking. Assist with performing O&M of all Adobe Insight servers, report servers, sensors and workstations for all existing and future capabilities for the Compliance program, and assist Insight Workstation users become familiar with the tool. Design, test, implement, maintain and document the auditing and reporting processes used to ensure appropriate use of existing and future data, emerging technologies, new systems/applications in its on-premises and cloud environments. Design, test and implement compliance processes/regimes, including auditing, reporting, and training for new datasets, emerging technologies, new systems/ applications, or to achieve efficiencies in processes. Conduct technical investigations and extraction/translation/formatting of technical investigation/audit results related to data-handling compliance incidents for review by less technical team members. Draft comprehensive compliance incident reports and work with other teammates to incorporate findings. At least annually, update existing data-handling compliance training courses and materials to provide refresher training on the data-handling requirements. Schedule, facilitate and provide training in support of compliance auditing activities. Demonstrated experience with Splunk, creating scripts to pull identified data from Splunk on an ongoing or recurrent basis; and monitoring application and server logs to ensure continued logging to Splunk.Demonstrated experience coding/scripting in one or more of the following: Perl, Python, HTML, SQL, or JavaScript.Working knowledge of appropriate analytic methods and methodological tools in one or more of the following areas, a.) data visualization; b) computer programming (e.g. programming languages, statistics/math packages, computer science, machine learning, or scientific computing; and/or c) applied mathematics (e.g. probability and statistics, formal modeling, and computational social sciences).Ability to develop comprehensive software applications.Ability to translate complex, technical and policy findings into an easily understood narrative (i.e. tell a story with data) in graphical, verbal, or written form.
**Open to various skill levels**"	NA	"$106,000 - $135,000 a year (Indeed Est.) "	2018-10-15	"Washington%2C+DC"	90
"https://www.indeed.com/viewjob?jk=d4f6c5c119bed53b"	"Data Scientist and Engineering Intern"	"Leidos"	"584 reviews"	"InternshipJob Description:
Do you want to make a difference and do work that makes an
impact in your summer internship? Do you want to have a hand in keeping our
country and its people safe? If so, then, you are just what Leidos is looking
for! We are seeking energized, motivated, and curious students to participate
in the Leidos Internship Program in Columbia, MD during the summer of 2019.
A successful intern candidate will support a dynamic team to collect,
transform, and analyze large amounts of seemingly unrelated data and put it
into a usable format. Interns will analyze the data, looking for order and
patterns as well as spotting trends that can help Leidos customers make mission
critical decisions. Data Scientist interns will be working with a variety of
programming languages including Java and Python. Data Scientist interns will
gain experience in knowledge in areas such as data visualization, machine
learning, deep learning, pattern recognition, and text analytics.
Basic QualificationsCurrent college student working towards a
bachelor's degree in Cyber Security, Computer Science, Electrical/Computer
Engineering, or MathematicsUnderstanding of UNIX/LINUX operating systemsFamiliarity working with applications in the
Microsoft Office suiteUnderstanding of Object Oriented programming
languages such as Java, Python, and C++US citizenship requiredAbility to obtain a DoD TOP SECRET clearance and sensitive compartmented information (SCI) access based on a polygraph."	NA	"Internship"	2018-10-15	"Washington%2C+DC"	90
"https://www.indeed.com/viewjob?jk=044d9f5643d4efed"	"c(\"Data Scientist\", \"Position Description & Responsibilities\", \"Position Requirements\")"	"Vanda Pharmaceuticals Inc."	"-"	"Position Description & Responsibilities
Vanda is seeking a Data Scientist who will primarily be responsible for developing analytical models and providing data driven insights.
Roles and responsibilities include the following:

Improve business/scientific decisions across both a broad range of Key Performance Indicators and functions
Supports multiple, high impact data research and analysis projects
Leverage data / big data to discover patterns and solve strategic analytic business problems using both structured and unstructured data sets across many environments
Develop analytic capabilities that drive better outcomes for both customers and the company
Position Requirements
Successful candidates will have the following background/experience:
Advanced degree in computer science, mathematics, management science, engineering, operations research, statistics, or related (Master's degree required, MD or PhD preferred)
2+ years' experience in data science, advanced analytics, and model building
Experience with statistical analysis methods
Excellent visualization experience utilizing either Spotfire/Tableau/Clickview and/or custom built solutions
Experience with big data manipulation and analysis using varying frameworks/tools: SQL, Python, R, SAS
Strong written and verbal communications skills; comfortable communicating with senior levels of both business and technology leadership
Experience driving large analytic projects and programs to completion
Strong practical knowledge of analytical techniques and methodologies such as machine learning/supervised and unsupervised techniques, segmentation, mix and time series modeling, response modeling, lift modeling, experimental design, neural networks, data mining, Bayesian inference, and optimization techniques
Good organizational and communication skills, the ability to work in a collaborative environment, and a desire to improve skills are essential
Vanda Pharmaceuticals offers a competitive compensation package with excellent benefits and a 401(k) matching program. Vanda is an equal opportunity employer, committed to the hiring, advancement and fair treatment of individuals without regard to race, color, religion, sex, sexual preference, age, national origin, ethnicity, disability, or any other protected status designated by law.
Applicants should submit a cover letter with their Curriculum Vitae or Resume to:
Human Resources
Reference #: I6012
Vanda Pharmaceuticals Inc.
2200 Pennsylvania Avenue NW, Suite 300E
Washington, DC 20037
E-mail: careers@vandapharma.com
Website: www.vandapharma.com\"Please note that the duties and responsibilities within this role may change over the course of employment, which will require flexibility.\""	NA	"character(0)"	2018-10-15	"Washington%2C+DC"	90
"https://www.indeed.com/viewjob?jk=565e6228ea6431ea"	"Data Scientist"	"New River Systems"	"-"	"Clearance:  Active TS/SCI requiredOverall Assignment Description: New River Systems is seeking a proactive and results-driven Data Scientist to support the National Geospatial Intelligence Agency (NGA) in Springfield, VA..Experience: RequiredDemonstrated extensive knowledge of, and proven success with a role, executing various aspects of the business or information technology-related client engagements and/or projects within a professional services environment, including knowledge of an industry or functional domain and expertise in at least two of the following areas:Statistical Analysis and TechniquesMachine Learning model and algorithm design and developmentBusiness, Federal, Human Capital or Operations Analysis within mission, marketing, operations or workforce planningDemonstrated significant experience working with analytical models or techniques and the ability to apply such methods to an applicable challenge within the larger field of expertise. This background should include:Advanced analytics techniques (regression, simulation, etc.)Visualization techniques and toolsApplicable sources of external, internal or new data sources to support analytic methods and visualization techniquesMinimum Years of Experience: 5Minimum Degree Required: Bachelor’s degree in Economics, Statistics, Operations Research, Computer Science, Information Systems, Engineering or similar quantitative disciplineDesiredExperience working within the Intelligence Community (IC) or military organizationsAnalyzing large and complex data sets to solve business challenges and present insights to non-analytics minded individualsCollaborating and contributing as a team member: understanding personal and team roles, contributing to a positive working environment by building solid relationships with team members, proactively seeking guidance, clarification and feedbackIdentifying and addressing client needs, building relationships with clients, developing requests for information, demonstrating flexibility in prioritizing and completing tasks, communicating potential conflicts to a supervisorJob Type: Full-timeEducation:Bachelor's (Required)Location:Springfield, VA (Preferred)"	"20 days ago"	"character(0)"	2018-10-15	"Washington%2C+DC"	90
"https://www.indeed.com/viewjob?jk=8c2cc0aebceb6c1d"	"Research Scientist - Data Science"	"Immuta"	"-"	"You'll work on the Research Team investigating the latest technologies and computational techniques relevant to data integration, virtualization, privacy, and analysis. You'll evaluate the utility of the technology or technique, it's relevance to Immuta, and, when relevant, build prototype integrations or demonstrations. The members of this team have deep knowledge of distributed systems and backgrounds in applied math.
Beyond your team, you’ll work closely with the Applied Data Science and Customer Success teams to understand customer use cases, usage patterns, and feedback. You’ll work closely with the Legal Engineering team to understand trends in regulations and best practices on a variety of regulatory & privacy related topics. Finally, you’ll work closely with the Product Team to ensure successful hand off and productization of research prototypes that transition to product features.
There is a great variety to the projects you’ll work on, but a common theme is that they are groundbreaking work in this field, suitable for publishing and/or patenting. Some examples of current projects include differential privacy and enhancements to Immuta’s implementation of it, mathematical techniques to fingerprint data and graphically represent to non-technical users changes in said fingerprint due to policy-driven data transformation, techniques for transforming streaming data based on data access policies.
WE’RE LOOKING FOR RESEARCH SCIENTISTS WHO...have a strong background in their field, have a strong background in mathematics & statistics, and have a desire to apply their background to research centered on data privacy, protection, and governanceare outstanding problem solvers, can understand tradeoffs without becoming stuck in analysis paralysis, can tackle tough challenges with innovative thinking and determination,have excellent communication skills and can effectively convey the results of investigation for productization and convey the results of analysis / investigations at conferences, in papers, and in other media such as blog posts,have expertise in R or Python or can easily leverage their experience with other tools to become experts in those
TECHNOLOGIES YOU'LL USEImmuta's Data PlatformJupyterPython, Pandas, PySparkRHadoop, Spark, SparkSQLVarious Distributed Data Processing FrameworksDockerVarious Machine Learning FrameworksVarious Business Intelligence Tools
WE VALUESQL expertiseProficiency in at least one programming language and associated libraries suited to data science, preferably Python or R,Familiarity with version control softwareExperience with distributed or high performance computingA strong statistics & math backgroundExperience building predictive modelsUnderstanding of privacy and working in regulated environments"	NA	"character(0)"	2018-10-15	"Washington%2C+DC"	90
"https://www.indeed.com/viewjob?jk=707c10cd3bf6f974"	"Data Scientist"	"Clarabridge"	"10 reviews"	"About us:
The Clarabridge team builds products to analyze and process customer feedback at large scale. Our clients use our software to analyze large amounts of both structured and unstructured data originating from a variety of sources (surveys, social networks, call transcripts, a.o.), and to respond to queries and complaints on social media. We use a variety of artificial intelligence techniques to streamline this process by offering deep insights into the data and by offering automation solutions where possible.
Data Science at Clarabridge:
We are looking for multiple data scientists to join our Data Science and NLP team in Ghent, Belgium, or any of our other office locations.
The areas you'll work in include:Natural language processing (sentiment analysis, NER, SyntaxNet, …)
Machine learning (both supervised and unsupervised, online and offline)
Automatic reply and dialogue systems (bots)
Big data

You'll be using proven algorithms and solutions where possible and conceive, design, develop, evaluate and maintain new creative intelligence solutions where needed, from prototyping to production, at scale.

You'll be collaborating with software engineers to integrate your solutions into the rest of the software, from design to production.

You are familiar with or interested in;
Deep Learning techniques (TensorFlow, SyntaxNet);
Excellent understanding and proven skill in NLP and various machine learning techniques;
Flexible in choice of programming language. Competent in one or more of Java, Clojure, Python with a desire to learn more;
Knowledge of some of the main big data and NoSQL technologies, e.g. ElasticSearch;
PhD in computer science/artificial intelligence or equivalent experience preferred;
What we look for in people:The curiosity and humbleness to second-guess yourself and learn.
The patience to take some time and talk with others and share knowledge.
The courage to take on big projects with loads of responsibility and ownership.
The experience to use proven technologies, math, and libraries to everyone's benefit.
The pride to make the best product you possibly can.
The wisdom to leave the campground cleaner than you found it.
Let's be honest: great data scientists who are nice to work with are hard to find. We hope you're one of those! Our products are relying heavily on NLP and other machine learning disciplines (both supervised and unsupervised, online and offline), so you could say we have some big challenges for you to wrap your head around.

The amount of data we work with could be described as \"huge\", and we're looking to add some deep learning to our toolset to conquer the data that we get to process. If you know a thing or two about TensorFlow, SyntaxNet or if you want to come and talk to us over a coffee about machine learning in general, please do!"	NA	"character(0)"	2018-10-15	"Washington%2C+DC"	90
"https://www.indeed.com/viewjob?jk=83aa731219b5b613"	"c(\"DATA ANALYST\", \"\nDuties and Responsibilities\", \"\nYou probably have...\", \"\nYou may also have...\")"	"BlueLabs Analytics"	"-"	"About the Role
Data Analysts are instrumental members of BlueLabs Data Science and engagement teams. They gain exposure to all parts of our process, from collecting and organizing data, to analyzing trends and predicting outcomes, and working with clients to understand how these insights can be used to improve program efficiency. Data Analysts are able to work both as part of a team and independently, completing projects in a fast-paced environment, error-free, and on short deadlines. You will receive strong mentorship from senior members of the BlueLabs Data Science and Engagement teams, and also be given a chance to complete projects independently. BlueLabs Analysts have the opportunity to develop into the Data Science or Engagement tracks within BlueLabs.
Duties and Responsibilities
Analyzes data, as well as contributes to the design, implementation, and delivery of analytics products and services.
Builds predictive models, tools, and data visualizations.
Checks data and modeling results for quality and cleans, transforms, aggregates, and reports on data as needed.
Strives to support team excellence by documenting processes and evangelizing new approaches
You probably have...
An undergraduate degree in a quantitative field or equivalent work experience.
Conceptual understanding of foundations of statistics and modeling (distributions, parameter estimation, confidence intervals and tests, etc.).
Proficient understanding of a statistical programming language such as R, Python, or Julia.
The ability to effectively communicate technical concepts to a non-technical audience, both in writing and verbally
You may also have...
The ability to manipulate data with SQL.
Experience building predictive models using regression and machine learning techniques.
Knowledge of experimental design and causal inference experience with GIS.
Experience creating informative and engaging data visualizations using industry leading tools.
The ability to create user interfaces for new products using frameworks such as Shiny or Django.
We know that the best candidate may not fit neatly into the boxes we define here so if this sounds like a place you want to work, even if you're not confident you perfectly match our posting, we still encourage you to apply! We welcome diverse, out-of-the-box thinking, and we strive to provide an ecosystem for innovation and development. If you want more information about who we are as a team, check out our Facebook page, Twitter, or Instagram.
About BlueLabs
BlueLabs was formed in early 2013 by senior members of the Obama for America analytics team. We help organizations personalize their engagements with individuals, optimize communications, and achieve their strategic goals. Our team includes more than 40 data scientists, engineers, and strategists from diverse backgrounds who share a passion for using data to solve the world’s greatest social and analytical challenges. Through our work, we’ve directly and measurably improved the health and financial security of millions of Americans.
Since 2013, we’ve served more than 300 organizations, run more than 1,000 randomized experiments, built hundreds of models, generated over 6 billion touch points, reached virtually every contactable person in the United States, and driven significant improvements in some of the highest-profile private sector, advocacy, and government programs around the world. Along the way, we’ve developed some of the most innovative tools available in media optimization, reporting, and influencer outreach.
Our clients range from political campaigns to advocacy groups, unions, government agencies, and international groups, as well as global companies in the automotive, travel, consumer packaged goods, entertainment, healthcare, media, telecom, and other industries.
BlueLabs is headquartered in Washington, DC, and has offices in New York City.
Equal Opportunity and Diversity Policy:
BlueLabs believes a diverse, inclusive staff makes us a stronger team and more impactful partner for our clients. We’re committed to a diverse team, and qualified people of all races, ethnicities, cultures, ages, sex, genders, sexual orientations, gender identities and expressions, languages, social class, marital status, religions, veterans status, and disabilities are strongly encouraged to apply."	"6 days ago"	"character(0)"	2018-10-15	"Washington%2C+DC"	90
"https://www.indeed.com/viewjob?jk=7b5c6743aa03abdc"	"Data Scientist"	"Advantage SCI"	"14 reviews"	"ContractPosition Title: Data Scientist Levels 1-5
Report To: Project Manager and Customer
Clearance Required: Minimum Secret
Work Location: Washington DC area
Start Date: Upon Contract Award
Advantage SCI is accepting application for a Data Scientist to be considered for full time employment upon Contract Award.
Job Description:
Handles raw data (e.g. structured, unstructured, and mixed datasets), and analyzes data through the application of various statistical techniques or tools.
Familiar with programming languages such as, but not limited to: R, SAS, Python, MatLab, SQL, Hive, Pig, and Spark.
Experienced in working with and exploiting big data; distributed computing; predictive modelling; mathematics; statistics; machine learning; story-telling; and visualization.
Demonstrates ability to extract meaning from and interpret data using a variety of tools and methods from statistics and machine learning.
Ability to collect, clean, and mung data in a timely manner as part of a cross-functional team in an intelligence, or related, environment.
Other duties as assigned
Minimum Requirements:
Current Secret Clearance
Minimum of an Associates degree
Minimum of five to seven years’ experience as a Data Scientist or in a related field
Possesses strong working knowledge of the Microsoft Office suite, including Access, Excel, PowerPoint, Project, Visio, and Word.
At level 4, may supervise lower level scientists, but must review work outputs of lower levels.
At level 5, supervises, manages, and reviews work outputs of lower level scientists
Working Conditions
Able to stand or sit for extended periods of time
Able to stoop, kneel, bend at the waist and reach on a daily basis
Able to lift up to 35 pounds occasionally
Able to walk long distances
Advantage SCI, LLC is an Equal Opportunity Employer
EXECUTIVE ORDER 11246 Prohibits discrimination against any employee or applicant on the basis of race, sex, color, religion, or national origin and requires affirmative action to ensure that applicants are employed, and employees treated, without regard to race, sex, color, genetic information, religion, or national origin. (Enforcement Agency: U.S. Department of Labor, Office of Federal Contract Compliance Programs)"	NA	"Contract"	2018-10-15	"Washington%2C+DC"	90
"https://www.indeed.com/viewjob?jk=ad6e42534b7e5731"	"c(\"Junior Behavioral Scientist\", \"Job Description\n\", \"Minimum Qualifications\n\")"	"ICF"	"417 reviews"	"Working at ICF

Working at ICF means applying a passion for meaningful work with intellectual rigor to help solve the leading issues of our day. Smart, compassionate, innovative, committed, ICF employees tackle unprecedented challenges to benefit people, businesses, and governments around the globe. We believe in collaboration, mutual respect, open communication, and opportunity for growth. If you’re seeking to make a difference in the world, visit www.icf.com/careers to find your next career. ICF—together for tomorrow.
The Jr. Behavioral Research Scientist will work with the Principle Investigator to plan and execute phases of behavioral science research projects (i.e., problem generation, lit review, study design, data collection method selection, sampling frame and sampling, method execution, data cleaning, data analysis, results write up, co-author pubs).
Job Description
Oversees and schedules all aspects of the phases of research execution.
Oversee data collection logistics, including staffing and timelines of all project tasks.
Conducts literature reviews on psycho-social topics.
Collects interview data, cleans data and organizes it for analysis.
Acquires Institutional Review Board (IRB) certifications and submits IRB protocols to execute human subject research.
Coordinates with team to complete each project.
Co-authors reports and publications.
Provides weekly status updates on project progress.
Minimum Qualifications
Bachelors of Science (BS) or Masters of Science (MS) in a Behavioral Sciences degree or Cross Discipline degree program (i.e., anthropology, psychology, sociology, education, human computer interaction)
The ability to obtain and Maintain a DoD secret clearance
Hands-on experience scheduling, executing, monitoring, and managing research projects
1+ year of experience executing qualitative and/or quantitative social science research.
Demonstrated teamwork skills (i.e. back-up behavior, team decision making, team forecasting, .e listening and leadership)
Authorship on peer reviewed publications, technical reports, or technical manuals
Experience executing behavioral science research studies, is required
Additional Preferred Skills:
Hands-on experience managing big data analytics research and engineering projects.
Familiarity with big data platforms used for cyber security analytics.
Familiarity with project management software or ticketing systems (e.g. Atlassian JIRA, MS Project)
Familiarity with social and psychological theories of judgment and decision making
ICF offers an excellent benefits package, an award winning talent development program, and fosters a highly skilled, energized and empowered workforce.
Pay Transparency Statement: For more information, please click here: https://www.dol.gov/ofccp/pdf/pay-transp_formattedESQA508c.pdf
ICF is an equal opportunity employer that values diversity at all levels. (EOE – Minorities/Females/ Protected Veterans Status/Disability Status/Sexual Orientation/Gender Identity)

Maryland Client Office (MD88)"	"18 days ago"	"character(0)"	2018-10-15	"Washington%2C+DC"	90
"https://www.indeed.com/viewjob?jk=31323d9202b0d24e"	"Data Scientist/Statistician/Predictive Modeler"	"DataLab USA"	"2 reviews"	"DataLab USA is an award winning database marketing company that focuses on optimizing multichannel marketing solutions. Through the use of data analytics, sourcing, processing, and digital services DataLab USA effectively enables national organization to maximize their direct marketing investments.

Highlights: 3-5 years Experience; Must know SQL; Financial or insurance industry experience strongly preferred; Must have direct marketing experience. R experience a plus.

Job Summary:
Analyze the effectiveness of existing predictive models and optimization strategies.
Manage the full life cycle of model builds.
Interface directly with clients to consult on the effectiveness of marketing programs.
Job Skills:
3-5 years experience in developing direct marketing response, conversion, attrition, & LTV models.
Analysis of entire business problems and management solution delivery.
Management and development of the full life cycle of model builds.
Programming with SQL.
Working with extremely large datasets/data warehouses.
Strong data mining proficiency.
R/SAS/CART/TREENET experience is a plus.
Other Skills:
Aptitude in critical thinking and problem solving.
Ability to set priorities and work independently and with a team to meet deadlines.
Excellent verbal and written communication skills.
Strong interpersonal skills and ability to deal effectively in a team environment.
Experience:
3-5 years of database marketing and data mining experience. Applicable experience with the Insurance and Financial industries is a strong advantage."	"21 days ago"	"character(0)"	2018-10-15	"Washington%2C+DC"	90
"https://www.indeed.com/viewjob?jk=5901fbd81e3119f4"	"Senior Data Scientist"	"American Nurses Association, Inc"	"45 reviews"	"Business Unit: American Nurses Credentialing Center

Department: Measurement Services

Salary Grade: 14

Employee Referral Bonus Amount: $500.00

TO APPLY: Apply online or email resume to chet.reisler@ana.orgKey technical expert, accountable for exam performance and psychometrics, resolution of data issues, and research addressing ANCC strategic goals. Leads efforts and provides consultation for MS staff to resolve data problems and establish data quality standards; develops presentations and publications for departments, Board of Directors, Commission on Certification, and other stakeholders; and proposes resources to support MS research activity. Serves as an expert in test development, scoring, research, and quantitative analyses. Develops software applications, programming, and syntax for report generation, statistical analyses, and graphic representations. Conducts quality assurance on scores, item functioning, and psychometric properties of exams. Drafts research reports. Ensures validity, reliability, and psychometric soundness of certification exams, using established industry and best practices.DUTIES:Conduct ongoing analysis of data systems. Review data management plans, revisions, and specifications and provide feedback. Plan and lead research (e.g., job analysis, validation, survey sampling, speededness and readability, test security, calibration, equating) to enhance exam performance, customer services, and product line as well as inform strategic planning. Monitor and evaluate item performance, differential item functioning, item drift, and exam psychometrics.
Program for advanced statistical analyses using software programs (e.g., SAS, SPSS, Winsteps, R, SQL). Create and implement report generation, data collection, and sampling plans; develop conceptual frameworks for research and analyses; and recommend and adapt analytical and statistical methods. Identify strategies to generate useful feedback for examinees. Draw conclusions from research and make recommendations. Provide results, conclusions, and visuals and present to internal and external stakeholders (e.g., Executive Leadership, Boards of Directors, Commissions/Councils, program staff, governmental agencies, members of credentialed organizations). Travel as needed to deliver presentations at various venues or to meet with potential or current stakeholders.
Plan and lead test development activities (e.g., standard setting, item and exam performance, exam field testing, form building). Facilitate focus groups, prepare meeting materials, review materials created by colleagues, analyze data, and write technical research reports and summaries. Coordinate with colleagues, subject matter experts, and vendors.
Ensure compliance with industry best practice and accreditation requirements of ANCC certification programs. Maintain all necessary documentation in support of accreditation requirements. Establish data quality standards in collaboration with program staff. Troubleshoot issues and data errors. Consult with program staff on data preparation and data coding problems and assist in developing means for correcting the problems. Propose tools and resources to support research activity and enhance data system operations. Collaborate with ANA IT staff to evaluate and implement potential enhancements, to resolve quality assurance issues, and to ensure data systems are operational. Perform functional, cost-benefit, and risk analysis to support design changes. Assess risks and recommend mitigation strategies.
Perform other duties as assigned to support the department’s objectives and strategic goals.QUALIFICATIONS REQUIREDEducationMaster’s degree (Ph.D. preferred) in industrial-organizational (I/O) psychology, testing and measurement, psychometrics, mathematics, research and statistics, or related field, with emphasis on quantitative analyses.Related Work ExperienceFive years of professional experience. Two years of assessment development, psychometrics, data management and analyses, and technical report writing.SkillsResearch design and completion
Data collection, utilization, validation, security
Data management and visualization
Advanced data analysis (e.g., scaling and equating [CTT or IRT], simulation, sampling)
Choosing and applying appropriate analysis techniques
Test construction, development of alternative items, and test validation
Meeting facilitation
Oral and written communication
Advanced use of office computer software (e.g., Microsoft Word, Excel, PowerPoint) and database and statistical software (e.g., SAS, SPSS, R, SQL)
Analytical thinking
Technical documentation and report writing
Producing concise, high-level summaries and briefings to non-technical audiences
Identifying and using emerging technologies"	NA	"character(0)"	2018-10-15	"Washington%2C+DC"	90
"https://www.indeed.com/viewjob?jk=5b153217147485d2"	"HP032 Data Technician"	"ADNET Systems, Inc."	"9 reviews"	"Part-timeHP032 Junior Data Technician, Part Time
College student seeking part time position? I've got just the job for you at NASA. Our team environment encourages and empowers you to do your best work. Come share your knowledge with the world. Work side by side with top scientists. NASA has been voted top 50 Places in United States to work since 2010.
NASA's Goddard Space Flight Center nestled in the Maryland suburbs of Greenbelt is just 30 minutes from the heartbeat of America - Washington, D.C. Now you can have it all, the nightlife, museums, great food and theatre. Work in a place that pushes the envelope of science every day, yet spy a deer or a Canadian goose as you stroll the grounds of Goddard during lunch.
We are seeking a Junior Data Technician to support the Solar Data Analysis Center (SDAC) at NASA's Goddard Space Flight Center in Greenbelt, MD. The position is part-time at 8 hours per week and entails providing onsite back-up support to a lead Systems Administrator. Accordingly, it is an excellent opportunity for a college student who is currently studying for a career in computer systems administration and is interested in gaining professional IT experience working at an operating Data Center.
The position requires a candidate who is a problem-solver, is a fast learner, and can work both independently and as part of a team. Previous experience working in a computer-related environment that involved diagnosing and repairing hardware and software issues is a strong plus. Additional on the job training will be provided.
Duties include:
Support the lead systems administrator with installing new and decommissioning old server hardware.
Assist with performing operating system and software upgrades on Linux and Mac OS servers and desktop computers.
Patch, upgrade, and configure software and operating systems to comply with GSFC IT security policies.
Install application software.
Diagnose and resolve computer and networking issues for local and remote users.
Perform and manage system backups.
Requirements:
Minimum 1-year experience using Mac OS and/or Linux computer systems.
Preferably working on a Bachelors (or equivalent) degree in Science, Computing or Engineering.
US Citizenship."	"10 days ago"	"Part-time"	2018-10-15	"Washington%2C+DC"	90
"https://www.indeed.com/viewjob?jk=9eb2e0c9e796db94"	"Analytic Consultant (Multiple Positions and Multiple Levels)"	"ASR Analytics, LLC"	"-"	"Analytic Consultant (Multiple Positions and Multiple Levels from 0-5 Years of Experience)ASR Analytics, LLC (ASR) is a small, dynamic consulting firm with expertise in Data Science, Predictive Analytics, and Business Intelligence. Headquartered in the Washington, DC metro area, ASR delivers actionable insight to our public and private sector customers by unlocking value from their data.ASR has an immediate need for Analytic Consultants and Data Scientists in the Washington, DC area. The ideal candidate will be a self-starter with superior communication skills (verbal and written). An understanding of data science and analytics is valuable, and the desire and ability to learn quickly is vital.  In addition, successful candidates will possess the following qualifications:Junior Consultants (0-2 Years of Experience)Degree in Economics, Statistics, Mathematics, Computer Science or a similar quantitative fieldExceptional verbal and written communication skillsExperience with at least one statistical programming packages – SQL, SAS, R, PythonAbility to clear a federal minimum background investigation (must be a U.S. citizen or permanent resident)Ability/Willingness to travel up to 25% Senior Consultants (2-5 Years of Experience)Degree in Economics, Statistics, Mathematics, Computer Science or a similar quantitative fieldExceptional verbal and written communication skillsExperience with one or more programming packages – SQL, SAS, R, Python, Neo4j, Spark/Scala, etc.Experience working with a variety of data types (e.g., structured, unstructured, graph)Experience with Agile development processes – SCRUM, Extreme Programming (XP), Kanban, etc.Ability to clear a federal minimum background investigation (must be a U.S. citizen or permanent resident)Ability/Willingness to travel up to 25% These positions offer highly competitive compensation (commensurate with experience), and a comprehensive benefits package (including medical benefits, 401k, profit sharing, and the opportunity for performance bonuses).Job Type: Full-timeExperience:Statistical Software such as SQL, R, SAS, Python, Neo4j: 1 year (Preferred)Data Science and Analytics: 1 year (Preferred)Education:Bachelor's (Required)Location:Washington, DC (Required)Work authorization:United States (Required)"	NA	"character(0)"	2018-10-15	"Washington%2C+DC"	90
"https://www.indeed.com/viewjob?jk=835a2db493898f25"	"Data Scientist - Entry to Experienced Level"	"National Security Agency"	"172 reviews"	"$69,545 - $86,659 a yearThe professionals at the National Security Agency (NSA) have one common goal: to protect our nation. The mission requires a strong offense and a steadfast defense. The offense collects, processes, and disseminates intelligence information derived from foreign signals for intelligence and counterintelligence purposes. The defense prevents adversaries from gaining access to sensitive classified national security information.
NSA is the nation's leader in providing foreign signals intelligence while also protecting U.S. government information systems, forging the frontier of communications, and data analysis. We serve the American people by applying technical skills to meaningful work, keeping our friends and families safe for generations to come. You will make a lasting impact serving your country as a Data Scientist at the National Security Agency, using your curiosity to analyze large data sets to inform decision-making against foreign threats.
We are looking for critical thinkers, problem solvers, and motivated individuals who are enthusiastic about data and believe that answers to hard questions lie in the yet-to-be-told story of diverse, complicated data sets. You will employ your mathematical science, computer science, and quantitative analysis skills to ensure solutions to complex data problems and take full advantage of the NSA's software and hardware capabilities in all areas of our enterprise, including analytic capabilities, research, and foreign intelligence operations.
Data Scientists are hired into positions directly supporting a technical mission office or the Data Scientist Development Program (DSDP). The NSA/CSS Data Scientist Development Program is a three-year opportunity to build your data science talent, experience the breadth of data science at NSA through six- to nine-month assignments in a variety of diverse organizations, and collaborate with NSA's experts in the field of data science. You will have opportunities to attend technical conferences with experts from industry and academia. You will routinely discuss and share NSA's challenges and successes at weekly technical roundtables. We foster an environment where you will develop your data science skills, allowing you to quickly contribute to NSA's mission.
As a member of a technical mission office or the DSDP, Data Scientists tackle challenging real-world problems leveraging big data, high-performance computing, machine learning, and a breadth of other methodologies.
As a Data Scientist at NSA, responsibilities may include:Collecting and combining data from multiple sourcesUncovering and exploring anomalous data (including metadata)Applying the scientific process to data evaluation, performing statistical inference, and data miningDeveloping analytic plans, engineer supporting algorithms, and design and implement solutions which execute analytic plans.Designing and developing tools and techniques for analysisAnalyzing data using mathematical/statistical methodsEvaluating, documenting, and communicating research processes, analyses, and results to customers, peers, and leadershipCreating interpretable visualizations
Skills
The ideal candidate is someone with a desire for continual learning and strong problem-solving, analytic and interpersonal skills. You might be a great fit for our team if any of the following describe you:Completed a degree program in the fields of mathematics, statistics, computer science, computational sciences, or a passion for rigorous analysis of dataTenacity, integrity, persistence, and willingness to learnAbility to solve complex problemsUse critical thinking and reasoning to make analytic determinationsWorks effectively in a collaborative environmentStrong communications skills to both technical and non-technical audiencesThe desire to serve over 300 million fellow Americans and make a difference in world events
Qualifications
Candidates for the NSA's Data Scientist roles are asked to complete a data science examination evaluating their knowledge of statistics, mathematics, and computer science topics that pertain to data science work. Passing this examination is a requirement in order to be considered for selection into a data scientist position.
Salary Range: $69,545 - $86,659 (Entry Level/Developmental)The qualifications listed are the minimum acceptable to be considered for the position. Salary offers are based on candidates' education level and years of experience relevant to the position and also take into account information provided by the hiring manager/organization regarding the work level for the position.
Entry is with a Bachelor's degree and no experience. An Associate's degree plus 2 years of relevant experience may be considered for individuals with in-depth experience that is clearly related to the position.
Degree must be in Mathematics, Applied Mathematics, Statistics, Applied Statistics, Machine Learning, Data Science, Operations Research, or Computer Science. A degree in a related field (e.g., Computer Information Systems, Engineering), a degree in the physical/hard sciences (e.g. physics, chemistry, biology, astronomy), or other science disciplines (i.e., behavioral, social, and life) may be considered if it includes a concentration of coursework (typically 5 or more courses) in advanced mathematics (typically 200 level or higher; such as calculus, differential equations, discrete mathematics) and/or computer science (e.g., algorithms, programming, data structures, data mining, artificial intelligence). College-level Algebra or other math courses intended to meet a basic college level requirement, or upper level math courses designated as elementary or basic do not count.
Note: A broader range of degrees will be considered if accompanied by a Certificate in Data Science from an accredited college/university.
Relevant experience must be in designing/implementing machine learning, data mining, advanced analytical algorithms, programming, data science, advanced statistical analysis, artificial intelligence, and/or software engineering. Experience in more than one area is strongly preferred.
Salary Range: $80,445 - $107,140 (Full Performance)The qualifications listed are the minimum acceptable to be considered for the position. Salary offers are based on candidates' education level and years of experience relevant to the position and also take into account information provided by the hiring manager/organization regarding the work level for the position.
Entry is with a Bachelor's degree plus 3 years of relevant experience or a Master's degree plus 1 year of relevant experience or a Doctoral degree and no experience. An Associate's degree plus 5 years of relevant experience may be considered for individuals with in-depth experience that is clearly related to the position.
Degree must be in Mathematics, Applied Mathematics, Statistics, Applied Statistics, Machine Learning, Data Science, Operations Research, or Computer Science. A degree in a related field (e.g., Computer Information Systems, Engineering), a degree in the physical/hard sciences (e.g. physics, chemistry, biology, astronomy), or other science disciplines (i.e., behavioral, social, and life) may be considered if it includes a concentration of coursework (typically 5 or more courses) in advanced mathematics (typically 200 level or higher; such as calculus, differential equations, discrete mathematics) and/or computer science (e.g., algorithms, programming, data structures, data mining, artificial intelligence). College-level Algebra or other math courses intended to meet a basic college level requirement, or upper level math courses designated as elementary or basic do not count.
Note: A broader range of degrees will be considered if accompanied by a Certificate in Data Science from an accredited college/university.
Relevant experience must be in two or more of the following: designing/implementing machine learning, data mining, advanced analytical algorithms, programming, data science, advanced statistical analysis, artificial intelligence, or software engineering.
Salary Range: $96,970 - $148,967 (Senior)The qualifications listed are the minimum acceptable to be considered for the position. Salary offers are based on candidates' education level and years of experience relevant to the position and also take into account information provided by the hiring manager/organization regarding the work level for the position.
Entry is with a Bachelor's degree plus 6 years of relevant experience or a Master's degree plus 4 years of relevant experience or a Doctoral degree plus 2 years of relevant experience. An Associate's degree plus 8 years of relevant experience may be considered for individuals with in-depth experience that is clearly related to the position.
Degree must be in Mathematics, Applied Mathematics, Statistics, Applied Statistics, Machine Learning, Data Science, Operations Research, or Computer Science. A degree in a related field (e.g., Computer Information Systems, Engineering), a degree in the physical/hard sciences (e.g., physics, chemistry, biology, astronomy), or other science disciplines (i.e., behavioral, social, life) may be considered if it includes a concentration of coursework (typically 5 or more courses) in advanced mathematics (typically 200 level or higher; such as calculus, differential equations, discrete mathematics) and/or computer science (e.g., algorithms, programming, data structures, data mining, artificial intelligence). College-level Algebra or other math courses intended to meet a basic college level requirement, or upper level math courses designated as elementary or basic do not count.
Note: A broader range of degrees will be considered if accompanied by a Certificate in Data Science from an accredited college/university.
Relevant experience must be in two or more of the following: designing/implementing machine learning, data mining, advanced analytical algorithms, programming, data science, advanced statistical analysis, artificial intelligence, or software engineering.
Salary Range: $134,789- $164,200 (Expert)The qualifications listed are the minimum acceptable to be considered for the position. Salary offers are based on candidates' education level and years of experience relevant to the position and also take into account information provided by the hiring manager/organization regarding the work level for the position.
Entry is with a Bachelor's degree plus 9 years of relevant experience or a Master's degree plus 7 years of relevant experience or a Doctoral degree plus 5 years of relevant experience. An Associate's degree plus 11 years of relevant experience may be considered for individuals with in-depth experience that is clearly related to the position.
Degree must be in Mathematics, Applied Mathematics, Statistics, Applied Statistics, Machine Learning, Data Science, Operations Research, or Computer Science. A degree in a related field (e.g., Computer Information Systems, Engineering), a degree in the physical/hard sciences (e.g., physics, chemistry, biology, astronomy), or other science disciplines (i.e., behavioral, social, life) may be considered if it includes a concentration of coursework (typically 5 or more courses) in advanced mathematics (typically 200 level or higher; such as calculus, differential equations, discrete mathematics) and/or computer science (e.g., algorithms, programming, data structures, data mining, artificial intelligence). College-level Algebra or other math courses intended to meet a basic college level requirement, or upper level math courses designated as elementary or basic do not count.
Note: A broader range of degrees will be considered if accompanied by a Certificate in Data Science from an accredited college/university.
Relevant experience must be in two or more of the following: designing/implementing machine learning, data mining, advanced analytical algorithms, programming, data science, advanced statistical analysis, artificial intelligence, or software engineering.
Pay, Benefits, & Work Schedule
On the job training, internal NSA courses, and external training will be made available based on the need and experience of the selectee.
Monday - Friday, with basic 8 hr/day requirements between 0800 to 1800 (flexible)
How To Apply - External
To apply for this position, please click the 'Apply Now' button located at the top or bottom of this page. After completing the application and clicking the 'Submit Final' button, you will receive a confirmation email. Emails regarding your application status will be sent periodically. Please ensure your spam filters are configured to accept emails from noreply@nsa.gov.
***PLEASE NOTE:
U.S. Citizenship is required for all applicants. Reasonable accommodations provided to applicants with disabilities during the application and hiring process where appropriate. NSA is an equal opportunity employer and abides by applicable employment laws and regulations. All applicants and employees are subject to random drug testing in accordance with Executive Order 12564. Employment is contingent upon successful completion of a security background investigation and polygraph.
This position is a Defense Civilian Intelligence Personnel System (DCIPS) position in the Excepted Service under 10 U.S.C. 1601. DoD Components with DCIPS positions apply Veterans' Preference to eligible candidates as defined by Section 2108 of Title 5 USC, in accordance with the procedures provided in DoD Instruction 1400.25, Volume 2005, DCIPS Employment and Placement. If you are a veteran claiming veterans' preference, as defined by Section 2108 of Title 5 U.S.C., you may be asked to submit documents verifying your eligibility.
Please note that you will be asked a series of questions and your responses will be used as part of the screening process of your application. Your responses will assist in determining your eligibility for the position. Failure to provide the required information or providing inaccurate information will result in your application not being considered for this position. Only those applicants who meet the qualifications for the position will be contacted to begin employment processing.
DCIPS Disclaimer
The National Security Agency (NSA) is part of the DoD Intelligence Community Defense Civilian Intelligence Personnel System (DCIPS). All positions in the NSA are in the Excepted Services under 10 United States Codes (USC) 1601 appointment authority."	NA	"$69,545 - $86,659 a year"	2018-10-15	"Washington%2C+DC"	90
"https://www.indeed.com/viewjob?jk=d85de6a45ca9f5b7"	"Data Analytics Specialist"	"PCAOB"	"15 reviews"	"PCAOB oversees the audit of public companies and SEC registered brokers and dealers in order to protect investors and further public interest in the preparation of informative, accurate and independent audit reports.Play a significant role in PCAOB's increasing focus on data analytics, using predictive data analytics to improve the effectiveness and efficiency of our inspection process and continuous monitoring. The individual in this role will work closely with other divisions, inspection teams, data scientists, key management and collaborate with the IT Division.Qualifications for this role:Eligible to work in the US without sponsorship now or in the futureBachelor's Degree in Math, Computer Science, Information Management, Statistics or related fieldMinimum of 7 years experience in a relevant role, understanding of relational databases and associated query/extraction languagesKnowledge of Python and/or R, SAS and SQLStrong organizational, time management skills, a team playerAbility to build credibility, solve problems quickly and communicate clearlyDemonstrated ability to think strategically, including the ability to translate long-term goals and objectives into short-term tactical plans and operational activitiesJob Type: Full-timeExperience:data analysis, quantitative: 7 years (Required)Python, and/or R, SAS and SQL: 5 years (Required)Education:Bachelor's (Required)Location:Washington, DC (Required)Work authorization:United States (Required)"	"11 days ago"	"character(0)"	2018-10-15	"Washington%2C+DC"	90
